{
    "score": 0.2144606880886316,
    "params": {
        "max_lev": 1.5825470800705488,
        "top_n": 7,
        "crash_thresh": -0.08275875049473265,
        "vol_bull": 0.2093296039061926,
        "anchor_crash": 0.47600669715577687,
        "sma_trend": 220,
        "sma_fast": 50,
        "crash_lb": 30,
        "mom_w1": 40,
        "mom_w2": 130,
        "mom_w3": 240,
        "vol_lb": 50,
        "sat_rsi": 30,
        "sat_alloc": 0.10003797411258872,
        "max_single": 0.4704241366737192,
        "vol_bear": 0.0629410635771118
    },
    "cagr": "Recovered",
    "dd": "Recovered"
}