{
    "score": 0.1926181422205506,
    "params": {
        "max_lev": 1.6261734742225216,
        "top_n": 8,
        "crash_thresh": -0.08492965169958061,
        "vol_bull": 0.18138568407813152,
        "anchor_crash": 0.6123864792766586,
        "sma_trend": 220,
        "sma_fast": 60,
        "crash_lb": 40,
        "mom_w1": 50,
        "mom_w2": 130,
        "mom_w3": 240,
        "vol_lb": 60,
        "sat_rsi": 35,
        "sat_alloc": 0.12513884253342766,
        "max_single": 0.40050299499501574,
        "vol_bear": 0.06062939849096397
    },
    "cagr": "17.77%",
    "dd": "-18.25%"
}