{
    "score": 0.11135700823229207,
    "params": {
        "max_lev": 1.6933179665395455,
        "top_n": 8,
        "crash_thresh": -0.08471866197753919,
        "vol_bull": 0.16143593218493302,
        "anchor_crash": 0.6881092546738861,
        "sma_trend": 240,
        "sma_fast": 45,
        "crash_lb": 15,
        "mom_w1": 70,
        "mom_w2": 140,
        "mom_w3": 200,
        "vol_lb": 65,
        "sat_rsi": 20,
        "sat_alloc": 0.1361487464987312,
        "max_single": 0.4197305707371828,
        "vol_bear": 0.09724707354151928
    },
    "cagr": "14.54%",
    "dd": "-21.26%"
}