{
    "score": 2.186710645631615,
    "params": {
        "max_lev": 2.072383616129424,
        "top_n": 8,
        "crash_thresh": -0.064621456435831,
        "vol_bull": 0.2605177721515316,
        "sma_trend": 300,
        "sma_fast": 70,
        "mom_w1": 70,
        "mom_w2": 140,
        "mom_w3": 210,
        "sat_alloc": 0.21890817762576303,
        "sat_rsi": 40
    }
}